id,card_holder_name,timestamp,card_number,payment_amount,merchant_name
1,Galvin Stark,"Jun 25, 2022 17:49",374668534431814,36,Adobe
2,Brenda Fowler,"Aug 25, 2021 22:55",448561 8637256467,32,Yahoo
3,Paloma Matthews,"Mar 7, 2023 08:26",5429 3525 6626 4856,70,Yahoo
4,Keane Reeves,"Nov 28, 2022 12:39",630484 62 8671 3264 177,67,Yahoo
5,Griffin Pruitt,"Mar 15, 2021 12:20",6494227746827566,20,Adobe
6,Jena Bates,"Nov 14, 2021 09:55",4026 7533 4747 6893,14,Yahoo
7,Cain Fry,"Jul 5, 2023 21:04",3023 725364 52236,58,Yahoo
8,Yetta Cardenas,"Jan 12, 2022 06:15",2149 566422 54325,2,Yahoo
9,Finn Mccarthy,"Oct 13, 2022 15:13",402 66556 76783 783,95,Yahoo
10,Claudia Nielsen,"May 1, 2022 16:19",369991443682328,87,Adobe
11,Marvin Vinson,"Nov 19, 2022 17:17",417 50023 77426 959,48,Adobe
12,Ima Marquez,"Apr 8, 2021 21:16",5038 2823 7438 2686,15,Yahoo
13,Jordan Michael,"Jul 16, 2023 15:18",676 74547 61731 768,82,Adobe
14,Samuel Stokes,"May 22, 2022 00:14",372557481932944,29,Adobe
15,Martin Vinson,"Jun 7, 2022 18:55",453 26161 13522 678,76,Yahoo
16,Reuben Fry,"Jun 7, 2021 13:52",501848231851243,52,Adobe
17,Abdul Barr,"Dec 21, 2021 20:34",3032 438567 83915,44,Yahoo
18,Kareem Fry,"Oct 27, 2022 17:35",517249 4477854364,2,Adobe
19,Addison Curtis,"Jul 14, 2023 00:55",3637 283276 73643,25,Yahoo
20,Merrill Austin,"Apr 23, 2022 13:28",3003 715272 51328,52,Yahoo
21,Bradley Benson,"Sep 19, 2023 00:45",364672287444463,89,Yahoo
22,Caleb Mathews,"May 10, 2021 16:58",3431 348741 34441,82,Yahoo
23,Elizabeth Duke,"Feb 27, 2021 19:48",301733464387630,99,Adobe
24,Chaney Lester,"May 12, 2021 16:53",3058 668387 92659,63,Yahoo
25,Norman May,"Jan 19, 2022 13:10",493 67225 53642 877,61,Adobe
26,Colby Hinton,"Jan 10, 2022 11:44",676718 8277723220,87,Adobe
27,Dana Jensen,"Feb 18, 2022 18:47",3045 863748 24630,23,Yahoo
28,Aretha Rodriquez,"Jul 2, 2023 06:26",6762 5617 1358 1771,34,Yahoo
29,Jemima Flores,"Jan 25, 2022 11:49",670 91855 57434 834,93,Yahoo
30,Lenore Stuart,"Aug 25, 2023 07:46",4485 659 83 1738,51,Yahoo
31,Shoshana Delaney,"Mar 19, 2022 21:49",491 32927 53475 467,35,Yahoo
32,Keegan Sullivan,"Mar 30, 2022 12:44",676776589698389278,63,Adobe
33,Jin Heath,"Sep 17, 2023 01:34",300238322393292,60,Yahoo
34,Yuli Nash,"Dec 25, 2021 23:58",301428422753342,80,Yahoo
35,Madonna Newman,"May 7, 2022 18:16",630 45512 26966 366,10,Adobe
36,Sonya Salinas,"Jun 2, 2022 03:40",647565 444137 7618,17,Adobe
37,Sonya Ferguson,"Jun 4, 2023 03:01",6472 4147 7713 5699,30,Adobe
38,Kiona Duncan,"Dec 21, 2020 06:16",3473 696759 42222,36,Adobe
39,Skyler Douglas,"Nov 17, 2020 19:14",417500 365753 3811,75,Adobe
40,Paul Humphrey,"Jun 21, 2023 07:46",2014 384778 61768,84,Yahoo
41,Nathan Mercer,"Feb 3, 2022 07:34",365284579443614,89,Adobe
42,Hedy Compton,"Oct 28, 2022 00:28",3007 667828 82941,79,Yahoo
43,Hyatt Espinoza,"Oct 11, 2021 21:50",557355 2942181898,66,Adobe
44,Xandra Mcneil,"Sep 30, 2023 07:25",563243 1732229713,28,Adobe
45,Jolie Cobb,"Nov 9, 2022 17:43",4905272293686575,42,Adobe
46,Joshua Bell,"Jan 25, 2022 02:11",556 72643 61293 265,3,Adobe
47,Alma Washington,"Nov 13, 2020 03:27",4532 529 77 8571,52,Adobe
48,Nero Hampton,"Mar 15, 2022 09:07",214973573225323,53,Adobe
49,Elizabeth Travis,"Apr 20, 2021 03:14",6331106458416394852,72,Adobe
50,Elliott Haynes,"Apr 6, 2021 19:48",6709 8818 5275 7479,45,Yahoo
51,Declan Decker,"Sep 28, 2021 18:26",4905648146396137254,90,Yahoo
52,Eugenia Hensley,"Jun 15, 2021 03:59",5893 911 67 6644,94,Yahoo
53,Brianna Beasley,"Dec 28, 2022 17:27",3051 435525 18557,48,Yahoo
54,Zane Evans,"Nov 16, 2021 05:06",4853 962 32 8637,97,Yahoo
55,Jesse Wiggins,"Jul 25, 2021 19:24",304245674563949,84,Adobe
56,Gemma Bates,"Sep 16, 2022 06:40",376181294691450,6,Adobe
57,Danielle Santos,"May 15, 2023 22:38",649672 6656674841,3,Yahoo
58,Elijah Figueroa,"Aug 28, 2022 03:44",491614 352341 3667,82,Adobe
59,Carly Blair,"Jul 31, 2021 11:06",3667 164624 55667,37,Yahoo
60,Maisie Albert,"Sep 16, 2022 23:58",2014 654288 37563,21,Adobe
61,Dustin Payne,"Mar 1, 2022 10:08",601166 885736 3780,59,Yahoo
62,Warren Quinn,"Jul 31, 2022 06:40",555942 3612392538,9,Yahoo
63,Fleur Le,"Apr 17, 2023 18:57",676721 82 4755 1286 597,18,Yahoo
64,Acton Frost,"May 29, 2022 00:38",362458521632556,18,Yahoo
65,Thor Decker,"Feb 7, 2021 14:38",6334 7375 6517 5438,16,Yahoo
66,Gisela Maldonado,"Oct 3, 2022 14:07",3756 868367 28470,8,Adobe
67,Michelle Castro,"Nov 4, 2023 10:46",201417388254420,29,Yahoo
68,Phoebe Levy,"Jun 13, 2022 04:45",4024 0071 4566 2887,44,Yahoo
69,Naida Valentine,"Oct 7, 2022 15:55",4556 7835 6397 2562,62,Yahoo
70,Iris Alexander,"Jun 13, 2021 21:07",490593863823352965,22,Adobe
71,Cain Rasmussen,"Oct 7, 2022 21:05",633 11045 34476 822,17,Adobe
72,Wang Merritt,"Mar 10, 2023 16:24",676768 9577566383,54,Yahoo
73,Zephania Bartlett,"Feb 4, 2021 12:25",501843 2439738521,66,Yahoo
74,Aspen Sexton,"Nov 29, 2020 22:10",455 69264 42856 460,23,Adobe
75,Heather Larsen,"Apr 21, 2022 05:19",4844877764735216,48,Yahoo
76,Jillian Phelps,"Jan 11, 2022 12:54",361558668244783,59,Yahoo
77,Christen O'donnell,"Jun 20, 2021 19:36",368526524542446,25,Adobe
78,Jonah Rodriquez,"Oct 30, 2022 03:10",342338576633623,70,Yahoo
79,Gregory Rich,"Nov 20, 2022 03:24",491166978238498552,71,Yahoo
80,Naomi Baker,"May 16, 2022 14:23",6709926167858574237,60,Adobe
81,Chantale Delaney,"Aug 3, 2022 18:34",361244237718660,79,Adobe
82,Brittany Haley,"Mar 23, 2022 17:01",676391 42 9876 5187 580,7,Yahoo
83,Lunea Blackburn,"Jan 8, 2021 16:00",654748 282155 7284,1,Yahoo
84,Yoshio Flynn,"Jan 5, 2023 17:50",6767691736714445450,73,Adobe
85,Orlando Kirkland,"Jul 7, 2022 04:03",4929 8532 1897 8650,26,Adobe
86,Sean Hahn,"Dec 23, 2022 22:40",3646 325751 65865,37,Yahoo
87,Amena Monroe,"Feb 27, 2021 17:54",6466366746522274,29,Yahoo
88,Cynthia Abbott,"Dec 17, 2020 15:53",6706516275253465,52,Yahoo
89,Ifeoma Brown,"Sep 22, 2021 09:28",3655 227381 86180,88,Yahoo
90,Christine Roach,"Mar 10, 2021 06:57",63048378437969,44,Yahoo
91,Adara Joyner,"Jan 26, 2021 00:23",362256459672325,25,Adobe
92,Odysseus Mejia,"Apr 14, 2023 01:30",630468 617313 2487,47,Adobe
93,Baker Tillman,"Jun 3, 2021 06:43",344328127594281,18,Adobe
94,Eagan Barnett,"Apr 4, 2021 04:33",450888 8434724172,28,Adobe
95,Priscilla Terry,"Oct 24, 2022 17:53",365658773425792,93,Yahoo
96,MacKensie Curry,"Jul 6, 2022 11:38",677167 21 8658 2623 447,49,Yahoo
97,Zelda Bowman,"Sep 13, 2021 01:49",6706 4896 8296 5628,79,Yahoo
98,Gray Pittman,"Jul 3, 2021 17:41",378669365276332,2,Adobe
99,Malik Pugh,"Dec 26, 2022 16:53",303377746875463,70,Adobe
100,Nadine Chan,"Dec 2, 2022 20:09",6466481759294271,95,Yahoo
101,Jolie Whitehead,"Oct 14, 2022 14:12",6706 2357 4538 4822,31,Yahoo
102,Cailin Conner,"Aug 13, 2023 19:25",214951946744550,13,Adobe
103,Sean Taylor,"Jul 6, 2021 05:48",670959 782267 7544,59,Yahoo
104,Echo Williamson,"Dec 22, 2022 08:58",402667 727463 5454,3,Adobe
105,Ariana Sampson,"Feb 15, 2023 13:14",3677 856161 73491,91,Adobe
106,Axel Peterson,"Oct 16, 2022 03:18",3014 886856 65856,48,Yahoo
107,Dalton Strong,"Oct 1, 2023 21:06",6497433577569874,93,Adobe
108,Xanthus Kirby,"Jul 21, 2021 17:57",3641 657466 14230,38,Yahoo
109,Alma Higgins,"Dec 21, 2020 09:21",368973233415326,93,Yahoo
110,Nichole Graham,"Nov 16, 2020 20:02",455 44241 63133 832,23,Adobe
111,Angela Hale,"Sep 16, 2023 04:00",491166 6687567378,3,Yahoo
112,Ross Clements,"Nov 16, 2022 06:08",453969 9596362864,78,Yahoo
113,Cameron Fleming,"Oct 20, 2023 07:43",362894433287214,49,Adobe
114,Kiara Farley,"Jun 27, 2021 16:06",366461425286566,63,Yahoo
115,Serena Good,"Mar 19, 2022 22:25",670934 8775283868,81,Adobe
116,Indigo Charles,"Jan 28, 2022 06:49",6441 3444 1154 3842,34,Yahoo
117,Stella Castaneda,"Oct 1, 2023 00:59",3032 328886 68988,14,Adobe
118,Rudyard Love,"Jan 26, 2021 03:19",4871281326686,44,Adobe
119,Zephr Gaines,"Jun 28, 2022 23:08",50184827699568555,9,Adobe
120,Kennan Mcmillan,"Nov 28, 2021 23:46",57845998543746873,25,Adobe
121,Cameran O'connor,"Jun 8, 2023 05:30",6762 626644 77295,90,Adobe
122,Silas Weaver,"Dec 31, 2022 14:13",6496369485568296,63,Yahoo
123,Aristotle Ashley,"May 17, 2021 02:19",450878 249555 6740,46,Adobe
124,Jameson Mays,"Sep 23, 2023 12:28",677177 29 5876 6823 137,6,Yahoo
125,Hermione Livingston,"Dec 17, 2021 21:32",67067989523228735,84,Yahoo
126,Ray Walton,"Dec 16, 2020 19:23",6304 232712 7623,98,Yahoo
127,McKenzie Owen,"Jun 30, 2021 00:02",6499768584625443,87,Yahoo
128,Clark King,"Feb 23, 2021 08:54",374942416265735,73,Adobe
129,Elvis Glenn,"Jul 14, 2021 11:03",2149 324588 72237,96,Yahoo
130,Clementine Hodge,"Sep 27, 2023 00:25",201496884457745,73,Adobe
131,Hilel Head,"Oct 21, 2021 21:12",6497 6333 6836 7376,91,Yahoo
132,Drew Watts,"Nov 15, 2022 14:14",6304248572729,60,Adobe
133,Zorita Harmon,"Jul 25, 2022 02:16",524717 296558 4682,59,Yahoo
134,Gregory Koch,"Apr 3, 2022 22:39",5038 4777 6688 6928,84,Yahoo
135,Roanna Giles,"Sep 26, 2022 18:31",3683 546367 63234,19,Adobe
136,Samson Burris,"Apr 10, 2021 11:22",3028 637112 28730,22,Adobe
137,Larissa Salinas,"Mar 5, 2022 17:48",201434588888451,82,Yahoo
138,Hannah Meyer,"May 17, 2023 07:54",362834598347387,82,Adobe
139,Carter Webster,"Mar 9, 2023 12:44",523433 627859 5355,43,Adobe
140,Mallory Chang,"Jan 13, 2022 08:50",675 96443 25658 529,66,Adobe
141,Caldwell Robles,"Apr 27, 2022 03:32",214947927673438,86,Adobe
142,Yeo Lindsey,"Nov 18, 2022 16:21",471 64438 85312 511,54,Yahoo
143,Reese Acosta,"Jul 2, 2023 19:49",2014 582243 55674,84,Adobe
144,Iola O'donnell,"Jan 27, 2022 00:05",4905592519288423675,62,Adobe
145,Clinton Guerrero,"Apr 30, 2022 23:26",5251343824439722,45,Yahoo
146,Mark Parsons,"Dec 19, 2022 04:55",630448 2716664727,56,Adobe
147,Hedley Burgess,"Jul 22, 2023 23:51",6492143545265290,34,Yahoo
148,Stacey Mccarty,"Jan 22, 2022 07:37",367263879354737,82,Adobe
149,Xavier Cline,"Apr 26, 2022 16:02",373453493622468,90,Adobe
150,Calista Wilcox,"Feb 14, 2023 09:11",366527675689863,42,Adobe
151,Juliet Kaufman,"Feb 19, 2022 10:39",6771386973282228,100,Adobe
152,Alvin Gentry,"Dec 18, 2021 23:55",644698 752225 5246,41,Yahoo
153,Flynn Holland,"May 26, 2021 16:00",515634 7535853812,5,Yahoo
154,Carla Quinn,"Sep 8, 2021 05:58",4485 187 96 4563,100,Adobe
155,Gannon Roy,"Oct 5, 2023 03:27",4508482676645459,5,Adobe
156,Kirk Moran,"Jan 3, 2023 02:59",670661436754285357,70,Adobe
157,Tana Stein,"Jan 27, 2021 14:46",648 52753 35578 380,96,Adobe
158,Zephr Montgomery,"May 5, 2023 14:34",448511 685918 2867,5,Adobe
159,Orlando Mckay,"Mar 9, 2022 18:21",301686137587384,38,Yahoo
160,Xandra Hendricks,"Nov 26, 2021 14:14",6763 725857 73266,82,Adobe
161,Adena Rivera,"Jun 6, 2023 11:31",2149 741554 48564,67,Adobe
162,Stacy Lang,"Mar 23, 2022 19:20",670662 879696 2779,38,Adobe
163,Oliver Hyde,"Jan 21, 2023 11:09",6709 3166 8864 8121,93,Adobe
164,Jolene Dominguez,"Jan 5, 2022 10:31",302667265994484,46,Adobe
165,Joy Bullock,"Dec 14, 2021 04:36",304858366157786,58,Adobe
166,Colton Mccoy,"Apr 30, 2023 01:33",214967748973510,78,Adobe
167,Clare Wood,"May 27, 2022 02:58",556274 356523 8932,73,Yahoo
168,Jermaine Dixon,"Sep 29, 2022 15:55",417500 2572637939,55,Yahoo
169,Flynn Kelley,"Sep 23, 2022 16:00",453218 2462569729,17,Yahoo
170,Wanda Bailey,"Nov 30, 2021 05:55",6762869666262,47,Adobe
171,Honorato Chambers,"Aug 4, 2023 03:14",6767 2746 5823 6360,10,Adobe
172,Ina Cain,"Apr 12, 2023 04:55",630461511835469448,70,Adobe
173,Lawrence Cleveland,"May 7, 2022 02:13",4844 6478 8253 6360,80,Adobe
174,Genevieve Skinner,"Mar 19, 2022 03:06",4539786822767758,52,Adobe
175,Lenore Randall,"Jun 24, 2021 03:05",3009 247883 59774,29,Adobe
176,Salvador Garner,"Sep 29, 2022 17:45",491176 55 2254 5322 861,82,Adobe
177,Charity Parsons,"Feb 10, 2022 22:23",6567383667759825,6,Yahoo
178,Norman Marks,"Aug 18, 2023 04:24",633471 72 3568 7731 987,88,Adobe
179,Wendy Marsh,"Aug 19, 2023 07:25",304886745924378,49,Adobe
180,Geoffrey Whitney,"Jul 13, 2021 13:45",3732 397265 15334,21,Yahoo
181,Illana Gallagher,"Apr 23, 2021 19:59",4532494727744,57,Adobe
182,Walker Padilla,"Dec 20, 2022 08:25",67714568746734450,49,Yahoo
183,Preston Skinner,"Sep 30, 2023 19:31",648267 849316 9921,18,Adobe
184,Ivor Key,"Dec 19, 2021 04:47",3697 595236 34489,12,Adobe
185,Emmanuel Caldwell,"Apr 27, 2023 05:44",362682614192745,17,Yahoo
186,Macy Reid,"May 20, 2021 12:50",3014 278357 46489,36,Adobe
187,Rama Chambers,"Jun 6, 2023 14:21",6331103648529435,55,Adobe
188,Quinlan Silva,"Apr 9, 2022 16:07",3783 533248 64583,74,Adobe
189,Lyle Luna,"Feb 21, 2021 08:07",6762864662449,38,Adobe
190,Elmo Santiago,"Dec 29, 2021 20:06",490554 44 5629 7954 854,52,Yahoo
191,Martin Hansen,"Mar 9, 2023 12:33",5393652768681456,89,Yahoo
192,Ginger Campbell,"Mar 16, 2023 17:07",4485274465275433,39,Yahoo
193,Carson Daugherty,"Apr 15, 2023 04:54",675964668831742249,21,Adobe
194,Nerea Lambert,"Mar 14, 2023 21:44",4026353867724663,61,Adobe
195,Kimberly Cardenas,"Jan 20, 2022 14:50",367534738884373,94,Adobe
196,Wang Rosario,"Jul 27, 2022 08:11",4485498454361,12,Yahoo
197,Brett Manning,"Feb 17, 2022 11:32",6334292257547344721,93,Yahoo
198,Catherine Knapp,"Nov 30, 2021 07:52",402685 748462 2290,40,Adobe
199,Echo Barr,"Apr 25, 2022 05:01",525175 799637 5655,11,Yahoo
200,Kiayada Valdez,"Jan 25, 2022 23:28",4917365749487733,54,Adobe
201,Linda Rice,"Nov 2, 2023 21:09",448525 725681 3876,76,Adobe
202,Elaine Wright,"Jan 3, 2021 14:53",676 28718 52929 362,87,Yahoo
203,John Parrish,"Apr 11, 2023 06:21",564 18287 47757 449,35,Yahoo
204,Louis Bolton,"Apr 26, 2021 10:33",644 95427 82996 182,99,Adobe
205,Iola Pennington,"Jul 1, 2021 03:16",5115624596486991,80,Yahoo
206,Hamish Morrow,"Jul 16, 2021 10:55",304696488286566,2,Yahoo
207,Kristen Stevens,"Jun 16, 2021 14:34",3653 668437 87627,59,Yahoo
208,Herrod Kelley,"Oct 8, 2023 18:29",377481457188727,11,Yahoo
209,Garrison Green,"May 4, 2022 05:43",676 76672 87459 156,29,Adobe
210,Porter Conner,"Sep 25, 2021 11:23",4911 5136 7585 1226,73,Adobe
211,Wang Winters,"Jul 4, 2021 00:43",6304135876877284399,51,Yahoo
212,Candice Gutierrez,"Apr 23, 2023 19:33",633110 8262136771,73,Adobe
213,Erica Davis,"Oct 23, 2021 19:42",670 65351 56745 720,35,Adobe
214,Caesar Lara,"May 20, 2022 07:44",3047 775889 73459,40,Adobe
215,Halee Chapman,"Dec 24, 2022 21:57",6763371799775857548,21,Yahoo
216,Cooper Brewer,"Sep 17, 2022 22:40",6763259352597450,61,Adobe
217,Mohammad Franco,"Jan 18, 2021 08:44",3758 115361 52520,55,Yahoo
218,Jennifer Sims,"Aug 8, 2022 20:33",2149 133278 46636,69,Yahoo
219,Ivan Randolph,"Sep 23, 2021 04:48",6767928361842869,81,Yahoo
220,Craig Mcdowell,"Apr 5, 2021 22:42",6771 9633 2773 1231,84,Yahoo
221,Teagan Abbott,"Nov 5, 2021 08:56",4903265573876873289,95,Yahoo
222,Ginger Fulton,"Feb 2, 2022 18:10",491655 8354486849,55,Yahoo
223,Aiko Monroe,"May 10, 2022 22:51",491356 6472268166,57,Yahoo
224,Arsenio Mcdowell,"Sep 12, 2021 09:13",676 76796 45465 726,32,Yahoo
225,Tate Ayers,"Jan 2, 2022 05:05",2014 564757 36980,27,Adobe
226,Justine Knowles,"Mar 21, 2022 13:14",491156 3722825186,26,Adobe
227,Colorado Kirkland,"Feb 22, 2022 06:02",365813459854472,26,Yahoo
228,Clio Whitehead,"May 30, 2021 15:47",633464847684636476,9,Adobe
229,Audrey Aguirre,"Feb 20, 2022 05:50",677135 133877 6389,22,Adobe
230,Boris Mckee,"Jun 19, 2021 00:30",5641829338432174372,19,Adobe
231,Lars Sullivan,"Sep 6, 2021 12:58",3646 425474 25818,91,Yahoo
232,Alan Mcdaniel,"Jul 14, 2023 10:10",4936628329274673,58,Yahoo
233,Jonah Calhoun,"Aug 12, 2021 17:11",4026 5388 5288 1573,56,Adobe
234,Kenyon Griffin,"Mar 17, 2021 22:04",375982235153687,63,Yahoo
235,Cally Carlson,"Feb 14, 2021 06:34",6334855469388327,37,Adobe
236,Macaulay Sutton,"Oct 29, 2023 09:28",675937 598445 7669,65,Yahoo
237,Lewis Moon,"Jan 20, 2021 13:29",633445418462994885,85,Adobe
238,Carissa Hahn,"Aug 29, 2021 22:27",670679 4344618469,58,Adobe
239,Freya Silva,"Aug 4, 2023 15:23",2149 666524 97342,72,Adobe
240,Orlando Hurst,"Nov 25, 2020 18:50",4916 917 64 8860,90,Adobe
241,Tanek Wyatt,"Dec 6, 2020 01:21",670632 855856 7979,83,Adobe
242,Beatrice Bowen,"Nov 28, 2022 21:19",6333458192373350,11,Adobe
243,Leonard Rosa,"Feb 20, 2022 23:11",3634 674168 44431,38,Yahoo
244,Coby Leblanc,"Aug 18, 2023 00:16",6499 9629 3531 1270,96,Adobe
245,Renee Hubbard,"Aug 1, 2021 16:03",6763895285261266,64,Adobe
246,Tanek Howell,"Jul 28, 2022 12:55",3725 778455 54986,90,Adobe
247,Zahir Gutierrez,"May 29, 2023 18:10",214953588573453,38,Adobe
248,Amir Sykes,"Apr 16, 2022 03:16",5038 4463 4767 6959,63,Adobe
249,Frances Ellis,"Aug 22, 2021 07:22",644 66268 44279 548,33,Adobe
250,Griffin Wilkins,"Oct 25, 2022 05:58",367666458254864,91,Adobe
251,Sacha Pickett,"Jan 27, 2021 17:44",304747295758212,71,Adobe
252,Elmo Brown,"Feb 17, 2021 09:19",653998 5885555226,74,Adobe
253,Aladdin Durham,"Jan 28, 2021 08:08",491395 5694821193,32,Yahoo
254,Abra Davis,"Aug 18, 2022 01:38",3654 268877 25329,34,Yahoo
255,Cara Decker,"Aug 10, 2022 05:36",4363158521635754,21,Yahoo
256,Deirdre Adkins,"Dec 23, 2021 08:59",6334 8413 9555 3457,22,Yahoo
257,Halee Levine,"Jul 27, 2022 07:14",5142594763447281,71,Yahoo
258,Dorian Hicks,"Oct 6, 2022 00:26",516647 363729 8165,27,Yahoo
259,Sylvester Spencer,"Nov 19, 2021 15:23",3042 922131 74473,77,Yahoo
260,Lawrence Franco,"Jun 30, 2022 17:34",5194433972873465,36,Yahoo
261,Xaviera Townsend,"Sep 4, 2022 05:16",676784 2387358513,65,Adobe
262,Dawn House,"Apr 22, 2023 07:04",368468155795557,61,Adobe
263,Arden Harris,"Apr 30, 2022 00:11",6457 2471 8344 6824,44,Yahoo
264,Ferris Diaz,"Dec 21, 2021 08:56",214934723678456,69,Adobe
265,Victoria Fuentes,"Apr 21, 2021 06:18",4024007154986821,88,Adobe
266,Mason Gibbs,"Nov 10, 2020 04:55",3723 937254 78829,89,Adobe
267,Zephr Madden,"Apr 22, 2021 05:58",5893815874162,100,Yahoo
268,Evangeline Strong,"Nov 26, 2021 04:23",4903 5676 4658 3342,96,Yahoo
269,Amena Daniel,"Mar 29, 2023 05:15",4913 3257 3853 8353,28,Adobe
270,Ursula Wilkerson,"May 30, 2023 02:38",4508383614253622,1,Adobe
271,Zachery Lawson,"Sep 28, 2021 05:23",545 67673 47541 544,18,Yahoo
272,Jesse May,"Jan 12, 2021 00:52",343263117725143,49,Yahoo
273,Mohammad Goodman,"Feb 20, 2022 11:09",374776574973320,53,Yahoo
274,Erin Mcintyre,"Jan 4, 2023 09:38",366291752496367,40,Yahoo
275,Shana Williamson,"Feb 13, 2023 00:46",546487 8327762982,19,Yahoo
276,Barry Johns,"Aug 6, 2021 18:23",557549 767663 3557,46,Yahoo
277,Phoebe Stokes,"Sep 14, 2023 00:56",3478 925136 36177,22,Yahoo
278,Nomlanga Cotton,"Jul 11, 2022 01:54",67098854361849161,27,Yahoo
279,Kenyon Mendoza,"Jan 15, 2021 17:23",644437 7264596415,33,Yahoo
280,Nola Atkinson,"Apr 9, 2023 08:37",484 44353 95957 756,20,Adobe
281,Colton Pate,"Sep 10, 2022 21:38",646433 8552328544,70,Yahoo
282,Frances Mays,"Sep 5, 2021 02:39",201493528863842,12,Adobe
283,Shaeleigh Finch,"Jul 6, 2023 08:26",490335 3266267924,43,Adobe
284,Tatum Mccray,"Feb 19, 2023 05:11",633373 376439 3352,74,Adobe
285,Ronan Flores,"Aug 29, 2023 18:38",645581 729576 5816,67,Adobe
286,Thaddeus Bartlett,"Oct 17, 2023 07:35",676742 8527755279,75,Yahoo
287,Ashton Boyle,"Feb 18, 2023 04:10",448576 628882 9395,46,Yahoo
288,Harlan Larson,"Oct 12, 2023 22:46",6761 868598 15292,46,Adobe
289,Carly Caldwell,"Oct 23, 2023 04:59",630452929427869331,10,Yahoo
290,Hashim Frank,"Dec 28, 2020 04:56",6767685536742875,72,Adobe
291,Cameran Hendricks,"Sep 4, 2021 16:25",676746 839588 5675,24,Yahoo
292,Evan Herring,"Sep 1, 2023 13:53",4913252739172182,23,Yahoo
293,Keegan Simmons,"Nov 4, 2022 08:38",304945773545461,29,Yahoo
294,Hope Michael,"Dec 16, 2022 00:22",368482256731858,90,Adobe
295,Ayanna Mcclure,"Jan 15, 2023 15:19",676764 796536 5883,88,Adobe
296,Mark O'Neill,"Mar 26, 2022 03:17",6304 8548 6665 4544,27,Yahoo
297,Zia Roberts,"Oct 30, 2023 13:14",630457536492,78,Adobe
298,Armando Mckenzie,"Jan 13, 2021 11:14",302563634248472,28,Adobe
299,Ariana Hicks,"Jun 12, 2022 20:06",5038 252 43 4175,4,Yahoo
300,Serena Maddox,"Jul 21, 2021 21:04",214934172637375,13,Yahoo
301,Leigh Knapp,"Dec 12, 2022 22:21",484478 8446437636,25,Yahoo
302,Hilary Reyes,"May 28, 2021 21:14",4936696622262722813,84,Adobe
303,Hamilton Castaneda,"Feb 5, 2023 01:32",56451557658638,99,Yahoo
304,Athena Clay,"May 23, 2022 22:06",4936 7679 4639 4769,40,Yahoo
305,Victor Dejesus,"May 16, 2023 08:19",526 74853 78354 757,84,Yahoo
306,Kay Potts,"Mar 15, 2023 16:14",4175 0042 8783 5691,86,Adobe
307,Kaseem Carney,"Aug 18, 2022 22:16",373216553584658,22,Yahoo
308,Sigourney Orr,"Apr 16, 2023 14:32",4556 524 58 4791,79,Adobe
309,Simone Fulton,"Oct 27, 2021 05:08",490 33528 33584 688,12,Yahoo
310,Bethany Reyes,"Jul 21, 2022 07:49",3665 998358 13881,67,Adobe
311,Hayden Warren,"Mar 29, 2023 14:27",3636 421953 53479,86,Adobe
312,Hu Guerra,"Sep 22, 2021 04:55",3027 864154 43836,9,Adobe
313,Eliana Mathis,"Jun 30, 2022 11:11",348834285776830,78,Yahoo
314,Sheila Pacheco,"Mar 16, 2022 13:07",676372 4162446867,65,Yahoo
315,Caleb Gardner,"Jun 4, 2021 19:31",417500 3823574533,46,Adobe
316,Bell Harrison,"Jul 13, 2021 04:58",5641825417887860,60,Adobe
317,Molly Vang,"May 27, 2021 08:11",3632 265773 27382,77,Yahoo
318,Wallace Hicks,"Nov 14, 2021 10:35",646915 8923134925,27,Adobe
319,Darius Valentine,"Nov 14, 2022 18:53",2014 972324 86550,45,Yahoo
320,Timothy Fletcher,"Jul 10, 2022 15:13",3027 493523 99783,96,Yahoo
321,Blake Oneil,"Apr 25, 2021 05:31",633415 44 6466 9928 482,79,Adobe
322,Isabella Alvarado,"Aug 25, 2022 17:51",536525 543812 2564,84,Yahoo
323,Sopoline Miller,"Nov 23, 2021 18:13",3043 824844 24622,93,Adobe
324,Nita Rivera,"Feb 11, 2023 18:57",361425688614868,25,Yahoo
325,Martha Romero,"Jun 17, 2022 23:40",3465 286478 87853,2,Yahoo
326,Christine Malone,"Aug 19, 2023 08:51",676774934951876342,44,Adobe
327,Lenore Romero,"Mar 20, 2022 14:38",552341 6752675616,19,Adobe
328,Connor Rodriquez,"Oct 4, 2021 10:03",4917586264833874,89,Yahoo
329,Melodie Singleton,"Jun 12, 2023 19:11",676782 786282 6829,7,Adobe
330,Reece Brooks,"Jun 7, 2021 20:07",4844567284855848,74,Adobe
331,Shea Lawson,"Nov 28, 2022 06:00",490 32459 66726 789,60,Yahoo
332,Kirsten Schroeder,"Oct 8, 2022 13:21",491348 1954472585,9,Adobe
333,Palmer Barlow,"Feb 8, 2023 20:36",3713 688835 55445,74,Yahoo
334,Hashim Edwards,"Jul 21, 2022 04:40",2014 287273 73326,76,Adobe
335,Leilani Cross,"Nov 18, 2022 09:11",348456932632859,4,Adobe
336,Matthew Levy,"Jan 26, 2022 17:50",344784832249746,91,Adobe
337,Uriah Watson,"Nov 16, 2020 23:53",545 26728 95274 676,69,Adobe
338,Nichole Rivers,"Oct 14, 2021 11:02",5443716793474631,57,Yahoo
339,Anne Mathis,"Jan 18, 2023 13:01",490 32166 54516 246,46,Yahoo
340,Kasper York,"Oct 13, 2022 14:34",490385147752723459,35,Adobe
341,Ross Lawrence,"Nov 4, 2021 20:44",303656229747491,89,Adobe
342,Emery Melendez,"Sep 15, 2022 19:55",4716 2475 2524 8260,91,Yahoo
343,Ivor Townsend,"Dec 2, 2020 00:38",653727 6857835339,96,Yahoo
344,Evelyn Cox,"Jul 3, 2022 01:22",676777547542116833,33,Yahoo
345,Mercedes Hooper,"Jul 30, 2021 14:25",670 98355 36522 246,96,Adobe
346,Kermit Evans,"Aug 3, 2021 21:13",630433114282476290,2,Adobe
347,Allistair Willis,"Dec 17, 2020 11:09",5569 7661 1962 3187,25,Yahoo
348,Adena Simon,"Dec 15, 2021 17:20",3686 743725 74234,63,Yahoo
349,Alfreda Frederick,"Dec 2, 2021 07:18",5018587371466,17,Adobe
350,Yasir Allen,"Mar 28, 2021 14:35",578537 21 2577 7393 139,10,Yahoo
351,Jack Woods,"Aug 23, 2021 06:07",5329 3547 5193 4567,39,Yahoo
352,Noble Snow,"Dec 6, 2020 10:42",3052 213974 55878,9,Yahoo
353,Katell Jackson,"Jun 2, 2022 01:05",3424 772128 38517,13,Yahoo
354,Tamara Jennings,"Jul 4, 2023 21:43",3716 755428 61893,98,Yahoo
355,Rinah Madden,"Jul 29, 2021 01:46",676 72664 31399 721,31,Yahoo
356,Axel Andrews,"Dec 20, 2022 11:28",214926653983377,40,Yahoo
357,Ezekiel Wilkinson,"Dec 23, 2022 10:48",647 33588 84193 332,66,Adobe
358,Ariel Bradford,"Aug 27, 2022 12:37",676763 7627848327,47,Adobe
359,Lesley Tillman,"Aug 4, 2021 14:13",67092653728249636,85,Adobe
360,Sebastian Pittman,"May 12, 2021 21:34",633110 4378946328,82,Adobe
361,Mariko Morton,"Nov 1, 2023 22:45",2149 457368 98816,21,Yahoo
362,Mallory Oliver,"Jan 4, 2021 01:20",543873 588375 6399,39,Yahoo
363,Alana Santana,"Aug 19, 2023 02:58",6771 3378 8377 2790,95,Yahoo
364,Wing Whitfield,"Jul 25, 2021 03:47",364528944451483,92,Yahoo
365,Hollee Reeves,"Jan 23, 2021 13:32",344885235222766,87,Yahoo
366,Akeem Thornton,"Mar 3, 2023 03:59",3637 688385 23127,30,Adobe
367,Ryder Chase,"Apr 6, 2023 22:27",3014 626732 86751,19,Adobe
368,Keefe Watts,"Jun 11, 2023 06:23",6462 5653 2647 2248,54,Adobe
369,Caleb Noble,"Jan 19, 2023 15:36",633 44624 74728 348,68,Yahoo
370,Sophia Byers,"May 29, 2022 10:20",536649 224297 9165,23,Yahoo
371,Duncan Richmond,"Feb 13, 2022 18:57",490348 59 9136 5882 385,89,Adobe
372,Jesse Cannon,"Aug 18, 2022 03:20",3637 921934 68454,48,Yahoo
373,Rajah Oneil,"Oct 7, 2022 19:20",2149 786898 75580,14,Adobe
374,Catherine Sellers,"Apr 24, 2021 13:20",503 86745 52734 391,40,Yahoo
375,Lane Harrington,"Jun 20, 2022 10:39",575866733133,9,Adobe
376,Fulton Mcintyre,"Apr 14, 2021 13:41",677148 388366 8925,69,Yahoo
377,Leilani Rosa,"May 30, 2022 12:44",6767 5965 1827 2320,28,Yahoo
378,Lee Merritt,"May 27, 2023 01:12",5237289275261330,84,Yahoo
379,Kaitlin Baker,"Jan 12, 2021 02:39",495525 7783866216,66,Adobe
380,Dane Lyons,"Nov 27, 2022 04:32",630422 426512 4269,37,Adobe
381,Benjamin Stanton,"Mar 14, 2023 03:51",648578 676194 8236,5,Adobe
382,Dillon Shepherd,"Mar 11, 2022 21:51",3058 358283 16340,36,Adobe
383,Ori Ross,"Oct 4, 2021 17:43",301427295531124,80,Yahoo
384,Dexter Velasquez,"Jul 24, 2021 22:00",6762144932612,17,Yahoo
385,Oren Cash,"Nov 27, 2020 01:06",3054 872182 82888,13,Yahoo
386,Myra Tyler,"Sep 11, 2022 09:14",3652 683246 44188,29,Yahoo
387,Nathan Fox,"Sep 26, 2021 17:24",3614 728747 12684,77,Yahoo
388,Kirk Buck,"Jul 18, 2021 10:16",417500 7327433443,31,Adobe
389,Fuller Rocha,"May 17, 2022 15:39",4911 9534 8473 2920,62,Adobe
390,Octavia Martin,"Feb 22, 2022 12:56",491 35335 29537 712,60,Yahoo
391,Delilah Davenport,"Mar 9, 2021 22:57",6334359937563249,79,Yahoo
392,Rigel Cobb,"Dec 18, 2022 18:35",367466322463415,61,Adobe
393,Angelica Moon,"Apr 21, 2021 04:13",644976 7463281121,61,Yahoo
394,Uriah Pollard,"Aug 21, 2022 08:56",379235832576933,31,Adobe
395,Pandora Holcomb,"Nov 3, 2021 23:50",491 34557 31175 778,28,Adobe
396,Malachi Reeves,"Apr 14, 2023 21:43",513842 153863 4587,69,Adobe
397,Drake Hubbard,"Jul 24, 2021 13:25",201438537356460,86,Yahoo
398,Griffith Barnett,"Jan 5, 2022 03:11",372244525355479,64,Yahoo
399,Otto Day,"Apr 20, 2023 23:44",490322 7229832737,90,Yahoo
400,Bree Hodges,"Jan 21, 2021 09:32",6334781483278462668,70,Yahoo
401,Rosalyn Hamilton,"Feb 25, 2021 15:01",2014 636444 34836,98,Adobe
402,Nomlanga Baird,"Sep 18, 2023 15:15",601195 453346 6431,82,Adobe
403,Silas Fisher,"Jan 21, 2023 23:07",6482355793555873,73,Adobe
404,Vivian Camacho,"May 21, 2022 16:44",5835473867463634521,43,Adobe
405,Joy Herman,"Jan 8, 2022 23:25",6331 1037 3454 6384,18,Yahoo
406,Hanna Albert,"Feb 10, 2022 20:40",4024007121433,10,Yahoo
407,Amos Beasley,"May 7, 2023 19:37",3625 917512 23595,84,Adobe
408,Merrill Witt,"Feb 28, 2022 05:35",362826126747864,24,Yahoo
409,Judah Pacheco,"Jun 21, 2022 22:35",633 33323 49924 839,61,Yahoo
410,Haley Knowles,"Feb 14, 2022 09:07",201413649485226,15,Yahoo
411,Roanna Blackburn,"May 27, 2021 23:44",4913836646287438,41,Yahoo
412,Wynter Lawson,"Jul 18, 2022 19:38",58933695934425,67,Adobe
413,Vera Wiley,"May 11, 2021 06:05",649 54579 28357 566,59,Adobe
414,Stone Ford,"Dec 24, 2020 13:01",2014 752644 66351,48,Yahoo
415,Salvador Bray,"Dec 23, 2022 04:43",4024007153410,92,Yahoo
416,Fleur Guy,"Apr 28, 2021 13:58",455647 2728551749,73,Yahoo
417,Simon Frost,"Jul 4, 2021 06:41",517259 566886 5546,62,Yahoo
418,Ora Rojas,"Sep 28, 2021 15:03",3448 799413 25641,80,Yahoo
419,Daquan Logan,"Mar 27, 2021 21:42",527452 597864 3538,62,Yahoo
420,Nichole Weiss,"Nov 9, 2021 02:51",3055 533752 57276,21,Yahoo
421,Vance Levy,"Apr 18, 2023 18:01",302634685184286,30,Yahoo
422,Xyla Chan,"Mar 31, 2022 15:50",546964 5551738656,60,Yahoo
423,Finn Kramer,"Jul 12, 2022 23:30",214957568736899,2,Adobe
424,Hedwig Bailey,"Jul 23, 2023 14:48",304352157464460,57,Adobe
425,Ima Mosley,"Apr 25, 2023 02:24",3466 862126 77842,24,Adobe
426,Amity Barber,"Nov 6, 2020 10:06",303612473428239,46,Adobe
427,Raja Whitaker,"Jan 16, 2021 21:20",304277271777358,27,Yahoo
428,Kirby Washington,"Oct 20, 2021 12:26",301557823651257,97,Yahoo
429,Alan Noble,"May 8, 2023 05:21",201488998681351,84,Adobe
430,Graiden Simon,"Oct 23, 2022 05:32",6767495957297934888,77,Adobe
431,Nita Mays,"Dec 18, 2022 20:17",4936 5137 8643 2693,14,Adobe
432,Bruce Mcleod,"Mar 25, 2023 18:17",6767345375324892320,80,Adobe
433,Fatima Hess,"Aug 11, 2021 08:10",633110 428356 3820,74,Adobe
434,Gillian Buckley,"Dec 18, 2021 11:09",633494 7242425656,76,Yahoo
435,Laith Bradford,"Feb 24, 2021 09:03",512276 6658812779,10,Yahoo
436,Finn Hurley,"Mar 24, 2022 12:49",365593811475436,23,Yahoo
437,Norman Rollins,"Apr 26, 2022 13:44",5742482644467187,67,Adobe
438,Levi Arnold,"Sep 14, 2023 10:16",647 33392 35426 571,6,Adobe
439,Maggy Gates,"Oct 31, 2023 00:10",3646 349857 62687,70,Adobe
440,Ralph Singleton,"Jun 29, 2022 18:26",5497 5951 2682 3366,55,Yahoo
441,Maya Joyce,"Jan 15, 2023 08:44",4539884664445,58,Adobe
442,Wade Bush,"May 27, 2022 13:31",3497 878255 87753,49,Adobe
443,Mia Sanders,"Oct 19, 2022 10:19",534 74815 94418 223,70,Yahoo
444,Cole Griffith,"Jan 30, 2023 16:32",484 43556 65629 259,47,Adobe
445,Gage Sargent,"Jul 21, 2021 15:06",649579 2534535324,69,Yahoo
446,Summer Hickman,"Aug 11, 2022 01:41",2149 665492 44782,22,Yahoo
447,Clinton Petersen,"Nov 8, 2022 04:21",6011934927659338,3,Yahoo
448,Hope Farley,"Dec 24, 2020 09:49",300688471528389,11,Yahoo
449,Solomon Meadows,"Oct 6, 2022 16:11",6304826946218373559,68,Yahoo
450,Tanya Calhoun,"Feb 6, 2022 09:44",6333339266489833671,55,Yahoo
451,Kuame Giles,"Dec 22, 2020 23:55",3644 936638 33785,76,Adobe
452,Channing Bean,"Mar 28, 2021 19:31",633469867221564317,96,Yahoo
453,Amber Newton,"May 13, 2023 20:36",493673 869137 1484,31,Yahoo
454,Violet Frazier,"Nov 25, 2021 11:32",6762782835742683,2,Yahoo
455,Vera Galloway,"May 17, 2023 02:43",4905 6336 4233 3286,71,Adobe
456,Damon Armstrong,"Dec 20, 2020 23:34",5483 7271 9411 9429,70,Yahoo
457,Jamal Butler,"Sep 10, 2021 17:38",4716 344 24 5623,39,Adobe
458,Oliver Callahan,"Jul 20, 2021 04:26",676 73241 36875 436,8,Yahoo
459,Cara Stone,"Oct 8, 2021 23:50",3653 815259 16675,38,Yahoo
460,Chloe Townsend,"Jul 13, 2022 02:27",522435 258847 6550,86,Yahoo
461,Lee Schwartz,"May 20, 2023 15:06",3613 655754 27141,64,Yahoo
462,Noble Palmer,"Oct 6, 2023 06:35",6759952743587752,76,Yahoo
463,Rana Santiago,"Dec 16, 2022 01:55",4905 6376 8658 5453,5,Adobe
464,Belle Fuentes,"Jan 28, 2022 15:52",4485526875533465,60,Adobe
465,Sara Stephenson,"Aug 6, 2023 16:13",348545544496123,90,Yahoo
466,Blythe Wade,"May 20, 2022 18:11",4716 6483 4987 3359,32,Adobe
467,Elliott Preston,"Oct 30, 2022 08:10",67713433757142237,22,Yahoo
468,Carla Yates,"Jul 19, 2022 23:52",676746 5298256558,68,Yahoo
469,Amery Johnston,"Sep 15, 2022 04:16",361624516126778,4,Adobe
470,Quin Guerra,"Jul 29, 2021 23:31",491334 2677819579,5,Yahoo
471,Gareth Mercado,"Jul 10, 2021 12:04",448563 9268476448,16,Yahoo
472,Sydney Castaneda,"Nov 29, 2022 13:44",491119 388227 2738,35,Yahoo
473,Ignacia Melton,"Dec 18, 2022 19:13",676733 2834748276,74,Adobe
474,Simone Gentry,"Mar 8, 2022 06:34",4716327755432,84,Yahoo
475,Kuame Mejia,"Dec 17, 2022 00:15",4905315443374863,3,Adobe
476,Colton Brown,"Sep 17, 2023 06:54",201437234235779,8,Yahoo
477,Cadman Cummings,"May 26, 2021 06:07",214963922725420,23,Adobe
478,Claire Mcneil,"Apr 11, 2023 02:50",4913 8178 5272 6426,50,Yahoo
479,Emerald Waters,"May 16, 2023 01:17",453249 566456 3369,95,Adobe
480,Wade Dunn,"Apr 21, 2021 10:01",6333 7234 6628 6798,90,Yahoo
481,Freya Swanson,"May 25, 2022 07:45",4539 9548 7656 8791,22,Adobe
482,Vance Ramsey,"Jul 13, 2021 03:40",201475943545633,84,Yahoo
483,James Fernandez,"May 3, 2021 03:08",6709156727598888881,22,Adobe
484,Pascale Dominguez,"Jun 15, 2022 18:56",67064322944271329,41,Yahoo
485,Whilemina Bray,"Jul 7, 2023 19:47",4539691866383332,31,Adobe
486,Alexander Haynes,"May 6, 2023 12:24",364464797646930,47,Yahoo
487,Ashely Carter,"Aug 27, 2021 09:41",5288786768379238,75,Yahoo
488,Samantha Malone,"Jun 30, 2022 20:31",369766937654227,51,Yahoo
489,Kennedy Frost,"May 25, 2022 07:22",4556 467 43 2743,12,Yahoo
490,Grant Cervantes,"Feb 25, 2022 18:52",633483 55 4787 8342 573,56,Adobe
491,Alana Howe,"May 14, 2021 14:37",57592622328845,14,Adobe
492,Yardley Shelton,"Feb 10, 2021 03:38",4844748734764281,70,Yahoo
493,Nelle Walters,"Dec 26, 2021 23:56",2149 715156 14539,17,Yahoo
494,Edan Buck,"Sep 16, 2023 21:54",5272681228446768,27,Yahoo
495,Neil Spencer,"Jun 8, 2023 18:45",3774 588529 28345,90,Adobe
496,Bernard Solis,"Oct 11, 2022 18:51",6767 3253 6514 5144,16,Yahoo
497,Dahlia Johnson,"Feb 22, 2023 11:04",6767842776735982469,57,Yahoo
498,Cheryl Wyatt,"Jun 26, 2021 07:00",3641 436785 15378,82,Adobe
499,Dorian Grimes,"Jun 17, 2023 14:42",501836 4762561875,15,Yahoo
500,Zachary Nelson,"Dec 11, 2022 22:51",402659 265398 4656,74,Adobe
